DSC_1535_JPG.rf.64e17aef591254922683b3d016f0ec3f.jpg,67.3565
DSC_1536_JPG.rf.0aa567a67fbd63e3a775d19b75150214.jpg,69.1505
DSC_1537_JPG.rf.304f464381a18a2174e0ed969025b9c8.jpg,67.9274
DSC_1539_JPG.rf.a6b0f5c8b97bc18b8cfa0c4e4e8a4676.jpg,64.5261
DSC_1540_JPG.rf.bf8f353fb425a484e8402d8ff1d2744c.jpg,65.2814
DSC_1542_JPG.rf.4a11addab3a60e233f64ac2bfbaef935.jpg,66.1914
DSC_1543_JPG.rf.88d35a05a4070f1f6d76f50f0605a0b9.jpg,65.8211
DSC_1544_JPG.rf.4b9a47687f7538c9d3fc1ffb43d1d4d6.jpg,69.3352
DSC_1545_JPG.rf.f510be6055941a583d3e453a1f590cc2.jpg,71.4926
DSC_1546_JPG.rf.2ea58d5b7da3f3f2f246068dd90caa86.jpg,69.5355
DSC_1547_JPG.rf.67c95491433efa92f222f6860643a158.jpg,68.3594
DSC_1550_JPG.rf.f9ef884ff0df92962227aa6ba2b87653.jpg,69.5896
DSC_1559_JPG.rf.2e786ca145f231f5b694d082dbbc46e4.jpg,57.4531
DSC_1560_JPG.rf.d52fd3fa6521c83a5ebebbdf8e8a55e2.jpg,59.6295
DSC_1564_JPG.rf.7a2906b772946a6a29bcb8349a89e6d1.jpg,60.7735
DSC_1566_JPG.rf.41b2afbf04389b47853f40bcb223cd3f.jpg,58.4829
DSC_1568_JPG.rf.4aaf8309e0ac7dd428a11b2a0e8f2465.jpg,59.4321
DSC_1572_JPG.rf.040ab4dceed40b339536e6c1179c5cd0.jpg,61.7678
DSC_1574_JPG.rf.e2b1c5570a9b3d596da46a821838f3b3.jpg,62.5352
DSC_1575_JPG.rf.98314dd788ccab471ec7bdc12a0a1fc0.jpg,57.0339
DSC_1578_JPG.rf.66c7e240731c8b59fced2c3a532db058.jpg,59.9483
DSC_1581_JPG.rf.c31bcbabcb00512ff5f7552aae47e9b5.jpg,56.7882
DSC_1582_JPG.rf.2679f9352a95cfcaffe79727fc0b46e2.jpg,59.9844
,63.68359545
,63.53065