DSC_1095_JPG.rf.838b97dd1b9915e4eba103a05cc37c7c.jpg,130.775
DSC_1095_JPG.rf.86422bab2687631053a36c302b8e8347.jpg,125.303
DSC_1095_JPG.rf.8aad3f6cdc0a5c3c00135844557aaa04.jpg,129.799
DSC_1096_JPG.rf.35026d33f100d65b94b7241e31c7e334.jpg,127.785
DSC_1096_JPG.rf.59dbe8cb6eacbfb96aa2187dd9ad0e56.jpg,122.472
DSC_1096_JPG.rf.bbe68d742d5477790dd3e0ad0049fca8.jpg,124.049
DSC_1097_JPG.rf.8b0bbb42160be70cc9693fe888d1a440.jpg,120.367
DSC_1097_JPG.rf.bad1f148a134113014b711e7b685a346.jpg,121.56
DSC_1097_JPG.rf.db519856729570e98e461ecff0bbff2a.jpg,114.929
DSC_1098_JPG.rf.25edc791a72cf264d4d28684cf493a32.jpg,127.5
DSC_1098_JPG.rf.b5e3e44bc76c67f8d6fa9e7f0f2a9e07.jpg,125.582
DSC_1098_JPG.rf.bc30c2a4c4d8e2f81506136f6ac725df.jpg,127.934
DSC_1100_JPG.rf.0d76920f81e4d38a16e25eebfc7d282e.jpg,123.729
DSC_1100_JPG.rf.1a762454ed5f7d53515dca2ab6d4fd21.jpg,130.178
DSC_1100_JPG.rf.aea15844d71845d701697fc34a1a8c77.jpg,119.026
DSC_1101_JPG.rf.0c95166bd1f1b8ce8e98826e735cfa61.jpg,129.296
DSC_1101_JPG.rf.76d63a8b3ab3cb76e49a3bdf21039e2b.jpg,123.649
DSC_1101_JPG.rf.902d964aa76eb5586bb90cf6af32c43c.jpg,122.972
DSC_1103_JPG.rf.6b1859e37bb105f1acb9978e26e3ce93.jpg,106.969
DSC_1103_JPG.rf.869b30d11de287f6c8d06f1c60f93cda.jpg,107.138
DSC_1103_JPG.rf.b482b0fb044274687cf69066c2b05422.jpg,112.851
DSC_1104_JPG.rf.6394b68cee8c084e70fb29d6ccb7a016.jpg,114.401
DSC_1104_JPG.rf.a4bcaadb070159feb394b7e03f1b0ee6.jpg,103.024
DSC_1104_JPG.rf.ef385018a983b687b53e3f2b242ce837.jpg,108.815
DSC_1107_JPG.rf.2546c88dd88797e126de4aa69616ad96.jpg,109.75
DSC_1107_JPG.rf.696983126c59d15d5a6e8829f2b234a7.jpg,111.32
DSC_1107_JPG.rf.f3a890a4838dc29bf0f5d8abad27f147.jpg,109.138
DSC_1108_JPG.rf.39679b9ccf1fdb8c2d8ea901098c2a12.jpg,112.841
DSC_1108_JPG.rf.45613030f5354a304810dd97ca393bd2.jpg,109.627
DSC_1108_JPG.rf.cab4ded3030cf9f515a3bccd6a590c3d.jpg,108.57
DSC_1110_JPG.rf.008258fe65b4386bbff7e8d639807022.jpg,94.7607
DSC_1110_JPG.rf.66f93974ecf2915b7e2d674023abb3f7.jpg,88.8798
DSC_1110_JPG.rf.728746c981972769ad6c1fcffb540328.jpg,97.4951
DSC_1111_JPG.rf.47872764c8c7202b6ebc7ef816b042f1.jpg,101.901
DSC_1111_JPG.rf.65ac3e021d803db9a5e557ae5b13667e.jpg,100.007
DSC_1111_JPG.rf.a8a56c9ad607efe184715d669c67b4eb.jpg,98.6275
DSC_1113_JPG.rf.0088d4608d6d2785652c25d660d711f6.jpg,96.3006
DSC_1113_JPG.rf.609f40dac3c6c5b96b7fa365081a0da8.jpg,101.265
DSC_1113_JPG.rf.e6302a2529054c14673b60f2bed17914.jpg,99.4571
DSC_1114_JPG.rf.58c36784b2e028a8f48139d648042e07.jpg,103.926
DSC_1114_JPG.rf.aea7630a2d0938a6cb14901d088932f2.jpg,110
DSC_1114_JPG.rf.ea2f73aa26c0023288a2eba31b370421.jpg,107.921
DSC_1117_JPG.rf.38bcf753259e481baaba882340a12831.jpg,101.723
DSC_1117_JPG.rf.43ee86afcaf1c8ee17c9fb23d2fe6e9f.jpg,97.4064
DSC_1117_JPG.rf.941a4567837492bf6c02f88d2045ffa0.jpg,105.561
DSC_1191_JPG.rf.587b1dcb17dce748d7e21d2ef8c48c89.jpg,71.207
DSC_1191_JPG.rf.6e87ee240bc185dca4f83e180cb9ce9f.jpg,79.0882
DSC_1191_JPG.rf.e2a3f0ffd604b6a088e9d63f75f061ab.jpg,72.3703
DSC_1192_JPG.rf.15428a709ac9ca25dd55c2cc6879fe84.jpg,78.0109
DSC_1192_JPG.rf.7389b0ac301577fe23d94076f9cfa9a7.jpg,85.9259
DSC_1192_JPG.rf.d7121be476cbe54982266de23d6d5eab.jpg,73.0741
DSC_1193_JPG.rf.6d81bbc8fa452d0af522441a0c827af1.jpg,76.2033
DSC_1193_JPG.rf.80397bb47e016b2783d21988c4527c8a.jpg,70.0981
DSC_1193_JPG.rf.c79de5b0fc650000d51b3c4c35cc4c1a.jpg,68.1633
DSC_1194_JPG.rf.2974324b721043fa8c836af7bb3d4906.jpg,69.057
DSC_1194_JPG.rf.3d7723b3cb7f0bdc212099f8f9505706.jpg,77.3326
DSC_1194_JPG.rf.5c830c46c85b802dbdbcec4c366169b3.jpg,79.083
DSC_1195_JPG.rf.04236c2167f5ebc11eb1c9c7f5c14058.jpg,80.6561
DSC_1195_JPG.rf.6b3345979b9aebde88d070847af1108d.jpg,79.2322
DSC_1195_JPG.rf.6fd37a0c846dab63eb0ed987e8d95b0c.jpg,86.9274
DSC_1197_JPG.rf.8bee5a3942e5cc53d17714e477ffb1e0.jpg,78.4311
DSC_1197_JPG.rf.da8c3bd920039ad1fec5e881b00f5e6a.jpg,79.7409
DSC_1197_JPG.rf.ebe9fda6e58c8db76cbfad3a6026089a.jpg,79.9089
DSC_1199_JPG.rf.41f101f9206ee0da636179b89874e6c0.jpg,73.7368
DSC_1199_JPG.rf.a81b405cc535b62397ec483b9e2a405b.jpg,71.8631
DSC_1199_JPG.rf.ae5a43e27d623ec83b5bbc3001d70d98.jpg,77.8604
DSC_1201_JPG.rf.01eebcd8be9eec6bfcba344d6c9f1ade.jpg,74.8436
DSC_1201_JPG.rf.0ed276cd0e2141dc3c3ecfb607d0f4b1.jpg,80.5024
DSC_1201_JPG.rf.2a2dc214947170f8504b50ba1b7b708b.jpg,79.5953
DSC_1202_JPG.rf.5c1bad8b9a142e3ec87593353aacf794.jpg,78.6402
DSC_1202_JPG.rf.d1dfeacbb53dd0e7ca58267936ed73c2.jpg,83.4159
DSC_1202_JPG.rf.f54b9d57457c532ccdc722c8f4c69374.jpg,81.0663
DSC_1203_JPG.rf.408a638550708bb449032bcc98fdfd81.jpg,87.109
DSC_1203_JPG.rf.62bfae28db59bce090ad4f48f013307a.jpg,79.3628
DSC_1203_JPG.rf.bbef9b07cd082acf7058a1c038c5b72f.jpg,85.0548
DSC_1204_JPG.rf.cdd973eef9342afd48b040a38a186693.jpg,73.1688
DSC_1204_JPG.rf.cfd0af7de7436fa7a5c1d2ade26a9be4.jpg,68.4965
DSC_1204_JPG.rf.fd724c4ed9aba0fa16a71d3f921406c0.jpg,65.7335
DSC_1205_JPG.rf.568a831da0125ec3e4d44c68c8d9acf7.jpg,74.2034
DSC_1205_JPG.rf.6aec4aeec41929aaefc4d1b5452f0108.jpg,79.1703
DSC_1205_JPG.rf.cd8a32c753bea532dff59366dd8bb4f1.jpg,70.235
DSC_1206_JPG.rf.5537417967846afb21d839bc5ef57549.jpg,83.098
DSC_1206_JPG.rf.71e547b10b15b4e5b2ac0f775f6147a4.jpg,75.8132
DSC_1206_JPG.rf.7eb660749225960731162073ae961166.jpg,73.9705
DSC_1207_JPG.rf.96fa6a26a037f10f89abef7c098b9a4d.jpg,85.5401
DSC_1207_JPG.rf.a9bf932c67adc547ad10ac3de32f004d.jpg,87.251
DSC_1207_JPG.rf.bf458533e02b1017c847d3917de024b2.jpg,79.043
DSC_1208_JPG.rf.0bda8b34be642bcf65328eaa32992cf1.jpg,66.8272
DSC_1208_JPG.rf.7be014cd83544883fba26008f1d25d8d.jpg,74.7638
DSC_1208_JPG.rf.b15be9e2f99aa0853a7e0589fed08d7e.jpg,82.2225
DSC_1209_JPG.rf.21327dbb222fbb291ad8389c9367ace4.jpg,72.8004
DSC_1209_JPG.rf.a0a97547f062ea5d6ea28418b98bd8b2.jpg,71.7589
DSC_1209_JPG.rf.e6f3e075385430dc29456d8fdc27addc.jpg,80.0669
DSC_1211_JPG.rf.895a7120df9af59c290ce241dbbcc54e.jpg,70.0188
DSC_1211_JPG.rf.9858be4a938ae4ef761027a4c8f2e33e.jpg,70.3207
DSC_1211_JPG.rf.aad2731459592cc5be20888d68204908.jpg,67.5216
DSC_1214_JPG.rf.0cb8502ae351b199e8bb623be295ebf6.jpg,82.1153
DSC_1214_JPG.rf.1ed8a9e22b914a3a612a82bbc10ca5b8.jpg,74.8738
DSC_1214_JPG.rf.a865795db916c9fc3156d13fbb9830ff.jpg,83.2724
DSC_1227_JPG.rf.013049369bf0e2cc08934a889eaf25c3.jpg,94.9233
DSC_1227_JPG.rf.59c179ce7df8a040b365077e385b93b3.jpg,101.489
DSC_1227_JPG.rf.e51e2b28b86bc57d01d7b1512eaeb9ad.jpg,105.829
DSC_1229_JPG.rf.49e2180ae3fcd1b51df5005ce5d2b62d.jpg,97.9413
DSC_1229_JPG.rf.e7225b74841dbe41e3411efad8773d58.jpg,105.917
DSC_1229_JPG.rf.f3b054c0b81105a5012b860e7c2791da.jpg,108.522
DSC_1230_JPG.rf.ba4f7cbaf8bd3e18a4d254b38c9eedee.jpg,94.1722
DSC_1230_JPG.rf.e5b5dbaee3120dfa330c861460257a52.jpg,105.307
DSC_1230_JPG.rf.ec6307a9f922f524cd4b7565b736fae2.jpg,101.306
DSC_1231_JPG.rf.4e8c246ed269c6b944406f5a74e0d21d.jpg,97.7834
DSC_1231_JPG.rf.7b5d620aea805e5beb60bc9aa271d801.jpg,99.7206
DSC_1231_JPG.rf.da39a44fcd63d3d8a40967bcbcfb4d40.jpg,88.3521
DSC_1234_JPG.rf.8645de2f9d8ffa842f401634f44999da.jpg,113.447
DSC_1234_JPG.rf.d4375c57c6e912fdf09f8525d4f524bc.jpg,105.833
DSC_1234_JPG.rf.f7b853ce90689c07970da3678e71625a.jpg,114.58
DSC_1235_JPG.rf.90af9f0d01e3ed31cd192b75c1df9f86.jpg,113.584
DSC_1235_JPG.rf.9886f467175a206713428fad6a0e75b0.jpg,101.108
DSC_1235_JPG.rf.dd4ef6a8734ffd3ede5dda0a96ebc799.jpg,127.736
DSC_1237_JPG.rf.06267739d6546441b5613703b28da9b3.jpg,95.9548
DSC_1237_JPG.rf.24e4e5bf6368cc21896416d73e25a246.jpg,92.0359
DSC_1237_JPG.rf.692ab17a428bec936d8754b1e5e8a276.jpg,102.437
DSC_1239_JPG.rf.6bb7b600a8029877e4b4cfaae1cb8f29.jpg,104.334
DSC_1239_JPG.rf.77995ea9b80ebf2ca16bcb9355e36618.jpg,101.343
DSC_1239_JPG.rf.d8afe681d63460e2ede975a6e3b86185.jpg,92.9916
DSC_1240_JPG.rf.3b44a89d931209bc6b935d3316cfcbe9.jpg,94.2406
DSC_1240_JPG.rf.45259ec48141ac417a3f2efa746f3bd1.jpg,100.175
DSC_1240_JPG.rf.eac72bdf9085829d953907093bfbf963.jpg,102.491
DSC_1242_JPG.rf.47e13826ab259758dcf1d86b3391e0ae.jpg,103.894
DSC_1242_JPG.rf.5af58482f29f0af8fe87d3eb8fca2cc9.jpg,95.8147
DSC_1242_JPG.rf.7d63a0dcfe6e88fd8e8643097ef9d91f.jpg,112.933
DSC_1243_JPG.rf.08be4ba7dab3f1448baa6dd0a13f5120.jpg,95.2779
DSC_1243_JPG.rf.165f2b93cd3a8eacb8aae73083b125d0.jpg,107.066
DSC_1243_JPG.rf.ef93a960aa26097aba4cff51f42f6a0b.jpg,105.968
DSC_1246_JPG.rf.41bd77d31461d724118b2bdb3eb576ae.jpg,115.737
DSC_1246_JPG.rf.5611288622c6dd0ba0894724cf6c35b4.jpg,103.869
DSC_1246_JPG.rf.e638a23927f3901fd5acff0e579510b6.jpg,91.8635
DSC_1247_JPG.rf.26560f3e53c0246e08ac15cde813350f.jpg,109.151
DSC_1247_JPG.rf.52c222cb18b82ca5c4b02b411c81a4cd.jpg,109.31
DSC_1247_JPG.rf.9f90e705a357c7b4aca2ce901da5dce5.jpg,110.944
DSC_1249_JPG.rf.45eaab177e95f9dcf38d44c56d90c2c3.jpg,107.634
DSC_1249_JPG.rf.a4c847e94258a48a4d177557bb84e2ae.jpg,108.423
DSC_1249_JPG.rf.bb298297d1ddb8c438ca68deb62a46cb.jpg,110.404
DSC_1251_JPG.rf.07091c5e235db5d13e6466f2633b78d8.jpg,108.973
DSC_1251_JPG.rf.c7412f52b35989e7068f37ee006e4fd5.jpg,104.771
DSC_1251_JPG.rf.efe70dde8a76910b59c205579432f10e.jpg,117.831
DSC_1252_JPG.rf.090df7860529aeb513bdcd6dd5d91a4a.jpg,109.535
DSC_1252_JPG.rf.53e8b207f3dd84fa96c09d4bfbe0c2fc.jpg,106.749
DSC_1252_JPG.rf.8ea440c931346fca3b99c15468484983.jpg,97.6231
DSC_1253_JPG.rf.0b3babfaeed7daa39fef448838185c7c.jpg,117.022
DSC_1253_JPG.rf.94582d56d3fcb2ede6f02e10fbf962c3.jpg,102.422
DSC_1253_JPG.rf.dbf46a87d21198eaf39d6f4598fc9417.jpg,127.69
DSC_1254_JPG.rf.51f143362b067ead445585139b74abb9.jpg,113.244
DSC_1254_JPG.rf.5236df152e301888a3907240be7e6d87.jpg,110.558
DSC_1254_JPG.rf.7146626c5f3b7ec0549772ac2744c5e9.jpg,117.962
DSC_1255_JPG.rf.34df602a88af96e5d7022b1d8784564d.jpg,105.587
DSC_1255_JPG.rf.8679ca331bc6c17b898cbbd393d7700b.jpg,109.13
DSC_1255_JPG.rf.ccd36ce0b30909ef56f0fc618ce8e6ea.jpg,93.4555
DSC_1257_JPG.rf.3d5143d0ee0a8c3b44c3ab7a339ebcc5.jpg,108.187
DSC_1257_JPG.rf.699ef572b9012f2acbf410da0c752181.jpg,118.498
DSC_1257_JPG.rf.c56f85dae5c62a415093e3ebbd134c1d.jpg,109.643
DSC_1259_JPG.rf.68df8311c6b8240281d701a976bab28e.jpg,103.42
DSC_1259_JPG.rf.6bd87930bc41ae898616dedf47706914.jpg,113.151
DSC_1259_JPG.rf.98cad34940357454cd05354179bef53c.jpg,118.317
DSC_1260_JPG.rf.498a148a415b2fc13e3b36265599d92c.jpg,106.82
DSC_1260_JPG.rf.ac8fe944b5b1e9603d580b5b5b9de448.jpg,104.813
DSC_1260_JPG.rf.cb2ec4d9c1cec8eb04f5264202295e1a.jpg,98.5233
DSC_1262_JPG.rf.05dbbb8321fb395e96ca41bbbfef83b8.jpg,106.2
DSC_1262_JPG.rf.768885ddd2c503939ed5461f9ae37073.jpg,115.92
DSC_1262_JPG.rf.d336db28d259695dae1b18062743d322.jpg,102.192
DSC_1265_JPG.rf.718de328f306e9bdc3013e51e9a14ad0.jpg,109.57
DSC_1265_JPG.rf.a580e40b92d214a06775b3758a668b34.jpg,111.136
DSC_1265_JPG.rf.bebb3e282dc259e90e0d95f54d39490c.jpg,107.555
DSC_1267_JPG.rf.155cd871978501de1337b35723c246c3.jpg,122.383
DSC_1267_JPG.rf.20da8835736d97538878947c610e3bac.jpg,111.011
DSC_1267_JPG.rf.e9a68fc7b89dcf9722256334459bf3fb.jpg,98.6648
DSC_1268_JPG.rf.7b18c10b26e40039c6e44fec1cf078ef.jpg,103.075
DSC_1268_JPG.rf.b7e488b0a7810a2752593b8cd755d892.jpg,105.674
DSC_1268_JPG.rf.e237c8cd463e440bee59d4860758d278.jpg,117.219
DSC_1270_JPG.rf.00832a7ae3b0c284eb855fe49f5a0dec.jpg,114.513
DSC_1270_JPG.rf.1e312d35d56dcf0fc885fca189c48329.jpg,119.427
DSC_1270_JPG.rf.29c5e3de0f3951b36ede15bf2d780584.jpg,123.881
DSC_1271_JPG.rf.61aa1d8a659406c4f04e96ac7e707489.jpg,120.096
DSC_1271_JPG.rf.647642330b65913e2a64ca69699cda37.jpg,127.674
DSC_1271_JPG.rf.fb359d8159079fc37845a3578a569463.jpg,114.645
DSC_1272_JPG.rf.ab39d8912b2bb0b827bfd83f61e7be30.jpg,115.623
DSC_1272_JPG.rf.bfc00196f7666af429404af2ffdd13fc.jpg,128.874
DSC_1272_JPG.rf.cd2fa540be0bb572e29da8f886bad42b.jpg,106.75
DSC_1273_JPG.rf.5dce0df3e48e440bfe160808b3e76c9c.jpg,100.131
DSC_1273_JPG.rf.b51879790e26410bf24670a6b3c7a22d.jpg,111.677
DSC_1273_JPG.rf.ff4b14d38fbd0432b5db48c633c9df9e.jpg,126.503
DSC_1275_JPG.rf.3603ca7c3ed8b5994b7473b6b1d13ac8.jpg,100.511
DSC_1275_JPG.rf.4eb8c8353d9655ec518a8a656b4ded07.jpg,126.394
DSC_1275_JPG.rf.f82522b666446a016750edac267f7ec8.jpg,113.996
DSC_1279_JPG.rf.582ee86a81a99acce7271487d6f8038f.jpg,107.321
DSC_1279_JPG.rf.9f92ace93435d50b6dcb33fb24a6d23d.jpg,109.079
DSC_1279_JPG.rf.f2fe68bf6089edea654de50ee2927760.jpg,119.347
DSC_1280_JPG.rf.aa37b9e888ead0a15572d0231b5b2d7c.jpg,122.206
DSC_1280_JPG.rf.d98b4af755c2fff66768591bdd654e4a.jpg,100.456
DSC_1280_JPG.rf.e85456c65b101dc416a81da2e6fdc47e.jpg,115.968
DSC_1319_JPG.rf.20a3112fe94220f40f98a4c81d9544ea.jpg,112.301
DSC_1319_JPG.rf.432f2b80d38d61abb1b352a52fe3ca75.jpg,113.321
DSC_1319_JPG.rf.67dbfe2ca627f9c01783de37d14aedd6.jpg,110.967
DSC_1321_JPG.rf.3b954d826618262bcdf3001fe35050d3.jpg,116.495
DSC_1321_JPG.rf.3ccb5485abadf24165f06edf7f26758a.jpg,114.091
DSC_1321_JPG.rf.dd9209a30145376b659648ca897b5aaa.jpg,114.371
DSC_1322_JPG.rf.b0b690ec4b6895e9c605239ec3493722.jpg,110.704
DSC_1322_JPG.rf.bd783a9cfd1ae4f4cc80d01add76356d.jpg,116.235
DSC_1322_JPG.rf.f7388d5af91fa1478a6e68bb0a0a1ce6.jpg,112.076
DSC_1323_JPG.rf.42d31f6d04a0c3a9f05f35470afa4fd3.jpg,111.769
DSC_1323_JPG.rf.46691e10e13a1fb569e590867811c8ad.jpg,114.35
DSC_1323_JPG.rf.ea3bf7d0bc6393ff64fa8f4707834170.jpg,111.184
DSC_1324_JPG.rf.2eb4934563b2fa0dc4a000ece2147d70.jpg,109.805
DSC_1324_JPG.rf.301403aa05d0ac0cb0f83aaaca96fde9.jpg,109.644
DSC_1324_JPG.rf.d02212855c0328e9a224d2ae835574da.jpg,110.811
DSC_1327_JPG.rf.1aa2af8bf893d363cba032d91d07d456.jpg,111.343
DSC_1327_JPG.rf.7d59062e0c51b53243cb3b6cf7720268.jpg,111.675
DSC_1327_JPG.rf.8eb81fc7444ce46820d92d89799c75d7.jpg,114.168
DSC_1328_JPG.rf.163f8fdff639dfe6fe1a19e0bc91623a.jpg,111.96
DSC_1328_JPG.rf.3bd2f9b97629b7196a24d68af7317fe5.jpg,113.165
DSC_1328_JPG.rf.aff9763fc99b22cbe567fdaa7c3172f3.jpg,109.615
DSC_1329_JPG.rf.3b2949e6cd27181a295afe362523a626.jpg,117.588
DSC_1329_JPG.rf.510494a55113aeab1cd4e7c46cd6188d.jpg,117.563
DSC_1329_JPG.rf.a01b6222afaba581b71bea730af990b0.jpg,117.68
DSC_1330_JPG.rf.71ee9bcf1de38cf5b25f25e5cee654b7.jpg,113.488
DSC_1330_JPG.rf.ae657da075f3b817dfe9adaf6ce401d6.jpg,112.096
DSC_1330_JPG.rf.cdedd1ef7b8ff7df2c839257301e042a.jpg,113.966
DSC_1331_JPG.rf.70cdb02deb9a9fff708028a4499216fc.jpg,113.575
DSC_1331_JPG.rf.752dab9dab508f296054fc38e6d9e884.jpg,117.038
DSC_1331_JPG.rf.d9c5e85a4c0ddcc4471d58f3a69f0680.jpg,114.062
DSC_1332_JPG.rf.3ac89a63f9926c5824abe03507c9a98e.jpg,118.195
DSC_1332_JPG.rf.8fee1d727eafd416db163d8e4ee27681.jpg,117.897
DSC_1332_JPG.rf.c0b798e8065c431604690d6dae4b6d8d.jpg,121.034
DSC_1333_JPG.rf.5b60b27b9292562802865ab076c74dca.jpg,114.218
DSC_1333_JPG.rf.72b9ee7b70e4c76caa2a12de1eacc940.jpg,111.52
DSC_1333_JPG.rf.fd385ba2412f706bc9fc8fd77403eec4.jpg,114.26
DSC_1335_JPG.rf.0fef78c6a095413e28e21e30a030e1f1.jpg,116.865
DSC_1335_JPG.rf.75c250c458c14ead40c5234704354a98.jpg,123.824
DSC_1335_JPG.rf.8cfb5b3f5a6d0e225d411e566137af3b.jpg,120.151
DSC_1336_JPG.rf.0f427fd7920cbc51d7c2681a7032c8dc.jpg,120.634
DSC_1336_JPG.rf.5b0e5957a543cbfe7180811bcf2ce28f.jpg,117.156
DSC_1336_JPG.rf.79df5154b721e36c93ed54cf5303e6fd.jpg,124.684
DSC_1337_JPG.rf.61f43d0e4b65e563a8173fb1c95f04be.jpg,117.407
DSC_1337_JPG.rf.6989cec0d2ac824d6377e2705dbadd74.jpg,115.298
DSC_1337_JPG.rf.9749448a95bce9f68ab7d2f9d4cb7f6f.jpg,114.866
DSC_1339_JPG.rf.2308c5164703ded07443c42abf884205.jpg,117.144
DSC_1339_JPG.rf.cc9e94011e298829b75a4909af279760.jpg,119.77
DSC_1339_JPG.rf.e041dd830cd2bb7eaaf1aae12dc7b254.jpg,116.798
DSC_1340_JPG.rf.00ae57545f5415c7ec7eb6c79da5ca6b.jpg,113.301
DSC_1340_JPG.rf.6e539215fe29c81f6538ca692197cc61.jpg,120.721
DSC_1340_JPG.rf.dc7b081a94db34cca3775920ec0e969d.jpg,116.495
DSC_1341_JPG.rf.58f7b76e60f308261a9a51146f296fc1.jpg,115.363
DSC_1341_JPG.rf.64fb8715809e6a6de0c9cc823dec6bee.jpg,113.194
DSC_1341_JPG.rf.e0c53ea7ea8ed641c8c61695e9e38b33.jpg,115.786
DSC_1343_JPG.rf.303592f6b79a92b7dd15be6d6874f628.jpg,114.832
DSC_1343_JPG.rf.502f1bf6b294785752802198d8a617e0.jpg,116.138
DSC_1343_JPG.rf.fa5086b2ad72a91de9f9d2ef2146b615.jpg,113.67
DSC_1344_JPG.rf.248d979b42669e98dcc2f53e3cb170e4.jpg,114.831
DSC_1344_JPG.rf.a6ead05ea54324f8452989de784ffd36.jpg,112.015
DSC_1344_JPG.rf.eb7227eac1cadc991eae7e3fffdecbdf.jpg,114.043
DSC_1346_JPG.rf.7616bd7c85b7c7af9aefd7ee6008b526.jpg,120.817
DSC_1346_JPG.rf.8ebb4def5343a53c66d436fcc591c8e1.jpg,118.279
DSC_1346_JPG.rf.f1b1637c015a8fa6aeb93c8fbadedf69.jpg,119.039
DSC_1348_JPG.rf.3163f9d1119a899bad38b99a933f4d70.jpg,113.497
DSC_1348_JPG.rf.80f2c4384f16f8fd81377e16ae0e15e3.jpg,112.992
DSC_1348_JPG.rf.d82b83a1290427ab2086d73bad500152.jpg,110.608
DSC_1349_JPG.rf.cea8440eeac3d1eeeb2e12091045c79f.jpg,113.694
DSC_1349_JPG.rf.dd2ae843197e8d8fc56f88e3f69db8be.jpg,116.328
DSC_1349_JPG.rf.e829ecfd325d939774e10b600b8f1f15.jpg,112.406
DSC_1350_JPG.rf.0d66e67e16ba3258732f133176f2b775.jpg,117.475
DSC_1350_JPG.rf.108cd8d720ab2a4108ece81545d57721.jpg,117.97
DSC_1350_JPG.rf.37cbf63a69b60d5cb0bd1c7bbeb4580e.jpg,116.101
DSC_1352_JPG.rf.265423b05701e04adfcb3a9137248a96.jpg,109.848
DSC_1352_JPG.rf.a8b582d84478a4aef78c2c61745fe960.jpg,109.479
DSC_1352_JPG.rf.f3250beab9a3555410bfe9242d0cec27.jpg,108.781
DSC_1353_JPG.rf.3156e756d1986560d36ab251a783e7b9.jpg,108.282
DSC_1353_JPG.rf.382713ea3f233d604abfb34ae4b3fdbe.jpg,112.467
DSC_1353_JPG.rf.c292b4554a73cbe81ca709771c48d9cb.jpg,111.063
DSC_1354_JPG.rf.c47104b9247e122f28b123e719d9875d.jpg,115.494
DSC_1354_JPG.rf.d6d505f2327d7df79896ccb6abc4fcfc.jpg,112.412
DSC_1354_JPG.rf.f75e1e685b7b6d5ee762ee3ce4e08704.jpg,110.839
DSC_1355_JPG.rf.12fcffb5bb08ec90f453bdbb7fe61bac.jpg,111.268
DSC_1355_JPG.rf.cae4cce07076536906c4b04d7a5996c0.jpg,111.234
DSC_1355_JPG.rf.da49965d4c042fb0b29668426a6b346b.jpg,110.174
DSC_1358_JPG.rf.21b62fc9ef33f9d9a206d1cd9f4bc90f.jpg,116.055
DSC_1358_JPG.rf.a9e576296239e7c5de39f6f4fee1a857.jpg,117.75
DSC_1358_JPG.rf.de883e14974cd7a37bd89e3bf3fcfca9.jpg,116.518
DSC_1360_JPG.rf.351423fc12bbe2a29f22ae49a42982b1.jpg,67.9966
DSC_1360_JPG.rf.6dd0ec9e85ef6e7ae727b12bc53089e1.jpg,66.2187
DSC_1360_JPG.rf.bc7754ec4b797f2f97b5cde814fed42f.jpg,64.7551
DSC_1361_JPG.rf.11ca9af1c4c24697c944f7ada4c00eac.jpg,70.6602
DSC_1361_JPG.rf.4114769defed04c2118032ef6542c21a.jpg,68.0518
DSC_1361_JPG.rf.c1b6c73d63b7b71fe28350afb58f8bd2.jpg,69.0589
DSC_1362_JPG.rf.06a8fdd10cb7f01f623d02e4b6316497.jpg,61.2568
DSC_1362_JPG.rf.0b4d5ecfc496142d190c0e2904fac0f1.jpg,61.7043
DSC_1362_JPG.rf.149b395fed847981cdcbd2432d0a4170.jpg,59.8947
DSC_1363_JPG.rf.090ebfef25973b1b84e4248b4c1269d5.jpg,75.3182
DSC_1363_JPG.rf.43e0d7b46b4e87ba52d5e7f985601fc1.jpg,72.931
DSC_1363_JPG.rf.95900476ca71f7b0af5a715bf8743103.jpg,73.5231
DSC_1364_JPG.rf.15ce0a1ac954a0e62893e3c3b2672248.jpg,70.8989
DSC_1364_JPG.rf.8076f652cdc433136b6474e094798145.jpg,71.9738
DSC_1364_JPG.rf.a19c9b17a4e65348e94d6f0766cb632b.jpg,74.1941
DSC_1365_JPG.rf.4a39d46ad908b1e30fb844b235a3f390.jpg,72.1953
DSC_1365_JPG.rf.a60a2c57d7e0d5277c2b4258b18460c1.jpg,73.681
DSC_1365_JPG.rf.bb62d0ba129cc4ea897a9f04978d8509.jpg,72.0506
DSC_1366_JPG.rf.1b121ecb67b83f92fc0c85b3621b2a65.jpg,75.7259
DSC_1366_JPG.rf.1ca8a4afed2f7f1dc040f3cef1e8aad8.jpg,74.9188
DSC_1366_JPG.rf.b51c00922101c865408229774fd8b3bd.jpg,75.6516
DSC_1368_JPG.rf.14c25261a55500390bec8757766cca77.jpg,81.8444
DSC_1368_JPG.rf.712571b69dfbe36b363bc244d22ea8d5.jpg,79.7782
DSC_1368_JPG.rf.8814c4ad081f40bf6e8889b97707919c.jpg,85.0173
DSC_1369_JPG.rf.1b115ed57fa2fb1cb33fa4944f6d19ee.jpg,73.0885
DSC_1369_JPG.rf.aec8578fcd25a7fae16ff4e3d8374fde.jpg,75.5985
DSC_1369_JPG.rf.df9d08de5efc8cffa86ca58cd968ef8a.jpg,74.3019
DSC_1370_JPG.rf.1348f96ec5a7a888d8706b2c491514d8.jpg,79.6655
DSC_1370_JPG.rf.2d4ff50ed193627cc337121cb45fce4f.jpg,75.9553
DSC_1370_JPG.rf.f4ba7d67a3091e129a0c1b3039d79905.jpg,73.4217
DSC_1372_JPG.rf.8e994cf3bb9560b5a574317bd08aa7f0.jpg,65.1898
DSC_1372_JPG.rf.8f0c54ddc616167004244fc3f769882a.jpg,62.8121
DSC_1372_JPG.rf.ed988a5fe2ed5d9d8fab64560b261cf2.jpg,64.9652
DSC_1373_JPG.rf.38d85359b7ed9ec62db72fa7e10df945.jpg,79.2068
DSC_1373_JPG.rf.6fa9e9991df7ca7b56308a607881151e.jpg,78.0842
DSC_1373_JPG.rf.fd503a43a4c0ed1f35b38f12c359733a.jpg,78.2082
DSC_1374_JPG.rf.535c0d9678e8febf3ea20e7b4bf6228f.jpg,78.4083
DSC_1374_JPG.rf.b391ac21795f7f6f1e16f21a242a108d.jpg,82.4803
DSC_1374_JPG.rf.bef00d8a47601711ea13c9ce331c0038.jpg,76.1251
DSC_1424_JPG.rf.c43375dd4125d9172439c85e8f147524.jpg,108.104
DSC_1424_JPG.rf.e429a2df030ab83ceebf943aeb4bbe21.jpg,110.139
DSC_1424_JPG.rf.eb99e0b2f1d9a5a17dde110fe04b0a98.jpg,110.74
DSC_1425_JPG.rf.1604c01dea01d4931c69302a14b59975.jpg,103.807
DSC_1425_JPG.rf.b96482620b063e7c1e15a455a97c22a8.jpg,101.679
DSC_1425_JPG.rf.cbec0b6cd50a95834ca599a10da7a665.jpg,106.147
DSC_1426_JPG.rf.4864d531099fb4c36a7d2a2118660a6d.jpg,101.833
DSC_1426_JPG.rf.4bacde4d2fcf9b3ae5d970a52ffc487a.jpg,99.9819
DSC_1426_JPG.rf.de86f8d75997ba1c4736acc7e95d74de.jpg,101.148
DSC_1428_JPG.rf.aa31d98638296009376cde873f67241e.jpg,105.875
DSC_1428_JPG.rf.c658e6b58b339b04af38b97b559f6d41.jpg,104.612
DSC_1428_JPG.rf.dc54f7a1b3d2772e0adb8fa27bdf7d52.jpg,105.252
DSC_1429_JPG.rf.897f498649a8b7f3636a9fdbc35da61c.jpg,98.2743
DSC_1429_JPG.rf.c1d1982c99b47a6ce74e99e7ce5a33aa.jpg,100.38
DSC_1429_JPG.rf.dbf442290535aa57ff23510b928b446c.jpg,98.6018
DSC_1430_JPG.rf.4c3ba91280c35ee6cf97a6e7230b7fbf.jpg,106.961
DSC_1430_JPG.rf.e0e054b0dd5067afbd511bd88c63c121.jpg,107.604
DSC_1430_JPG.rf.ed3802a65679446ca320cd819e84ed9d.jpg,109.121
DSC_1431_JPG.rf.7cd21de559c54ce607d10e7613b60f9d.jpg,103.122
DSC_1431_JPG.rf.b81def951d6282637601606a859f8f98.jpg,102.365
DSC_1431_JPG.rf.e9f6fd4824f0f401802c99ac967ad13d.jpg,101.149
DSC_1432_JPG.rf.39716748b5da1337229c76229cb747c6.jpg,108.804
DSC_1432_JPG.rf.43ad2466148cf3fcabca9409711478a6.jpg,107.754
DSC_1432_JPG.rf.669b5215daaf28ef8c58073b0b070d7d.jpg,109.383
DSC_1435_JPG.rf.95e9292cf430c6e80c7829538dccf664.jpg,100.648
DSC_1435_JPG.rf.a5a23928ffeab58cf8b4d2a04e8f5191.jpg,100.74
DSC_1435_JPG.rf.dabf24490a0202228fca57d193428051.jpg,100.402
DSC_1438_JPG.rf.2146d6e9825d128e3f65334814b23d4b.jpg,104.648
DSC_1438_JPG.rf.8744989329c2baaf94f3dd9cae9a6a86.jpg,103.606
DSC_1438_JPG.rf.d1c7faaf9e8a60a4bf0f6ea3862dce74.jpg,102.618
DSC_1439_JPG.rf.bf3dd72b95516fb2f1822ccb2e207c16.jpg,109.433
DSC_1439_JPG.rf.d542583529d51f18b4cb838c9e0c3c57.jpg,109.379
DSC_1439_JPG.rf.eea7452626b835e553fd21a5141f128b.jpg,107.969
DSC_1442_JPG.rf.25b2070e4c64871e7a13eb82d923c32b.jpg,102.937
DSC_1442_JPG.rf.d33256d1a3699a1fd8ce5bca8a4eeaf6.jpg,104.413
DSC_1442_JPG.rf.f8090744295b6dece732cd9e7997d617.jpg,101.865
DSC_1443_JPG.rf.3ae5d3f2aa98c9c983abbbbf83323bc6.jpg,101.214
DSC_1443_JPG.rf.a38db8a0cfffb2e22133a1670441f652.jpg,106.032
DSC_1443_JPG.rf.e3383ddf6b01f0fe119fa42b77f2fea4.jpg,103.122
DSC_1446_JPG.rf.1d2ca6c4f5834bd5b4288c2f719ce77b.jpg,105.954
DSC_1446_JPG.rf.c84b2cd862e1165904b68d849257ac0a.jpg,105.925
DSC_1446_JPG.rf.c97413362e61b2c736836424eed2ed23.jpg,107.01
DSC_1447_JPG.rf.370febb9bfef6e2d94868f9c11ca5565.jpg,104.628
DSC_1447_JPG.rf.4053b0c2b1b86b3299b53e8dda3573dd.jpg,103.218
DSC_1447_JPG.rf.f15e9ec0ed2eac784aafc16b815748d9.jpg,107.223
DSC_1448_JPG.rf.713d8641a40bbbe7cbb765f6fb16d95c.jpg,107.946
DSC_1448_JPG.rf.dee6738d6e2a64772832a74250ec17d8.jpg,107.858
DSC_1448_JPG.rf.fa9954a17bf4ca84f4e0de2a6b4cab08.jpg,107.754
DSC_1449_JPG.rf.38d15d5371c3902f1ccdaa343ad34719.jpg,105.976
DSC_1449_JPG.rf.dc1d464920937e8d94ee3cc2d2730272.jpg,105.155
DSC_1449_JPG.rf.e3fdf36159764b1e7b5ba68c95505ee7.jpg,104.483
DSC_1454_JPG.rf.3b3c515aa518075d09fce76338659dee.jpg,102.984
DSC_1454_JPG.rf.989902710422ee524aa2e7bfb128d0f6.jpg,98.4332
DSC_1454_JPG.rf.dbea88d0b4b2e2d3149d26136222a2b4.jpg,100.353
DSC_1455_JPG.rf.42e03fc92611f6fc06901ee82885894c.jpg,100.514
DSC_1455_JPG.rf.e6020427d41fbb3b92c87fbb8b2b94ab.jpg,100.715
DSC_1455_JPG.rf.fd6c882f1a83ea09322ce96eda342fe0.jpg,100.412
DSC_1456_JPG.rf.215e4bfd6c521ae6777c258450542302.jpg,99.6463
DSC_1456_JPG.rf.42c8a1f7914fe24030c997351cc57d99.jpg,101.474
DSC_1456_JPG.rf.9159f728940dee39995be522b2d27ff3.jpg,102.191
DSC_1458_JPG.rf.0df69145743a0fc9935e2fa06eced531.jpg,100.35
DSC_1458_JPG.rf.2fa5365564f8f75f9edf69bc7fa223ee.jpg,99.4471
DSC_1458_JPG.rf.93b45bffde409d8014c0f1cf117a61a4.jpg,101.776
DSC_1460_JPG.rf.9be2908d6be2e9cc614afe3cf60de509.jpg,100.139
DSC_1460_JPG.rf.af533677820b15a1ccdd93f89c7147b9.jpg,101.974
DSC_1460_JPG.rf.c916595c3709dd8c19e714df66189fa6.jpg,97.3705
DSC_1461_JPG.rf.6921ea877619c2e424a19ba0c51a10a4.jpg,109.715
DSC_1461_JPG.rf.d8cad5c6396fef33c3e6bdd39e34f29e.jpg,111.753
DSC_1461_JPG.rf.eec03b6db15a719d114c08ea1c1bea78.jpg,111.766
DSC_1463_JPG.rf.205075c13e783e9e45c01ce086419981.jpg,99.3237
DSC_1463_JPG.rf.3fd47cc70882501549915e336375798e.jpg,101.216
DSC_1463_JPG.rf.737dedbd1a1fcdfa77c461b583db2293.jpg,101.716
DSC_1466_JPG.rf.1bb2daf0e39e08510be90de183d232c5.jpg,102.04
DSC_1466_JPG.rf.316bc59605cfa23529f091891b61d2dd.jpg,99.4922
DSC_1466_JPG.rf.41c57d6ecf94bcc1c70d5f5e032d1904.jpg,105.004
DSC_1467_JPG.rf.7b1eb3db3a87aeeba72115bd5d403cc9.jpg,99.7372
DSC_1467_JPG.rf.8b1c669049765a0765e280fceee78e31.jpg,101.786
DSC_1467_JPG.rf.f078dfe452c1d61ca7ec8359dc7d593d.jpg,99.5068
DSC_1469_JPG.rf.21b3be6ed23f836b0a2fa9f23abd2843.jpg,101.077
DSC_1469_JPG.rf.4fd7b7b45fd9e4e4275b67de9d320756.jpg,103.449
DSC_1469_JPG.rf.5e2bfb9afdf2267ea6dd15c1d8d1041d.jpg,99.0401
DSC_1503_JPG.rf.1ff5ad9f0dbb62fbd7befedd3c2a12bf.jpg,68.5311
DSC_1503_JPG.rf.226b7496482f24ad5d79ac9b00e75c12.jpg,67.1822
DSC_1503_JPG.rf.b9508147bb483bd11f7f22448c397116.jpg,66.9889
DSC_1504_JPG.rf.1e7c44c934353b97f831fc7a0e5d6578.jpg,65.738
DSC_1504_JPG.rf.8eb5f54a1900bd5b3c213b75b19aa227.jpg,64.2583
DSC_1504_JPG.rf.a0840a606a78e41609a6ade7480f9b9f.jpg,65.6596
DSC_1505_JPG.rf.1f9a59b77a72b938e623a858f1664b7c.jpg,66.787
DSC_1505_JPG.rf.9f1c65950a288381c8df9eb28fe581e8.jpg,67.5162
DSC_1505_JPG.rf.e440fab859d92e0b7025470db4d2a3cd.jpg,67.8054
DSC_1506_JPG.rf.25ee025adf1349ceb213e4ca13be1f82.jpg,61.8405
DSC_1506_JPG.rf.bafaa70561b6a6957a641be05012dcaf.jpg,61.826
DSC_1506_JPG.rf.cad3490c8511b5dc12bba4f69e7944f6.jpg,62.1856
DSC_1507_JPG.rf.1e375326f777378114d69015b42baf6d.jpg,63.5509
DSC_1507_JPG.rf.573396205d93e52cf016d2407a3481cb.jpg,62.7076
DSC_1507_JPG.rf.e72c80d7680aae72e138da3d93c76372.jpg,62.0416
DSC_1508_JPG.rf.57f407ed565c80c56c19d5213b0e1ffa.jpg,65.8297
DSC_1508_JPG.rf.980c55bcc13c58202eabab881fdceadd.jpg,63.8513
DSC_1508_JPG.rf.ac79d36250e5a925315ddc0fc8a359be.jpg,64.7785
DSC_1509_JPG.rf.0a1ab9a69dd65ae93ea93eb99aa8da08.jpg,61.1042
DSC_1509_JPG.rf.27d60c1d6d26fd7c9d3cc84a3d8ab96a.jpg,62.1045
DSC_1509_JPG.rf.4a73e84bc5a20219e5da541e0116f05c.jpg,61.546
DSC_1510_JPG.rf.5e1b5de786d8378b357c49db9418794d.jpg,61.6005
DSC_1510_JPG.rf.92a6bca7c5832e751b9c36f0624d8a92.jpg,61.0478
DSC_1510_JPG.rf.a2453fc45ccfa595045b1f11f70f7743.jpg,61.4612
DSC_1511_JPG.rf.00cea3358c0f800797567dde1b76f097.jpg,64.489
DSC_1511_JPG.rf.0fa10d425e57de5cbacd5b478f31c219.jpg,65.4914
DSC_1511_JPG.rf.4f477b7b6804c94d8ac6e85ae67d374f.jpg,63.9824
DSC_1512_JPG.rf.0ae5553d56c83a6e3210e1ecd6abe546.jpg,61.3715
DSC_1512_JPG.rf.9ddc63e455d8b61b9d9fccf439d0a0ba.jpg,61.8492
DSC_1512_JPG.rf.dd0f5e2f6e510088055f2d72386f4ac0.jpg,61.9332
DSC_1514_JPG.rf.c1b701871b8cc00351a839e3c6157555.jpg,62.939
DSC_1514_JPG.rf.d536a2908440cd9f34ea7eae278a0240.jpg,63.4828
DSC_1514_JPG.rf.e7e7909f4dbeea7f70c80ea96e483438.jpg,63.4112
DSC_1515_JPG.rf.0176e6c1c8fd39d63a6dbbd91cd18aff.jpg,57.9108
DSC_1515_JPG.rf.672670c6a0494224a2b2dcd189b205b1.jpg,58.6493
DSC_1515_JPG.rf.9f3715f6ecad27751d8a89ece23f2a98.jpg,58.2738
DSC_1516_JPG.rf.3690b67ca9bc89c731980d7c149dbd73.jpg,60.458
DSC_1516_JPG.rf.3d2d0b4c563cb217959bb91d8988f1fc.jpg,60.6655
DSC_1516_JPG.rf.802956b550c0cb95c95297d6aa32772b.jpg,61.6023
DSC_1517_JPG.rf.1153808e52300b51d4be5d31f34500a2.jpg,62.6256
DSC_1517_JPG.rf.8812c0874b72fb01f646624cebf7d4d2.jpg,62.919
DSC_1517_JPG.rf.e168155828b6cb5326bc056beb3db413.jpg,62.3628
DSC_1518_JPG.rf.4493e28a3f664b4bd4cc3dfc99f378cf.jpg,61.3995
DSC_1518_JPG.rf.4b0ff031456277108c9ed0cb82665efd.jpg,61.523
DSC_1518_JPG.rf.936b36b277b6099adee24f9058178f39.jpg,61.1532
DSC_1519_JPG.rf.3547e21c6f06d127b44312b9e40b8d48.jpg,59.3857
DSC_1519_JPG.rf.7e90387f3beeb6f6c81b0876cc7f04e0.jpg,59.636
DSC_1519_JPG.rf.efea24c24dc7175fe8e50dacaf7ecad4.jpg,60.1645
DSC_1520_JPG.rf.5e4b94ed74a3cd26815d3065dac28063.jpg,57.2193
DSC_1520_JPG.rf.99a959151bdb163566f836bc3ba36a67.jpg,56.0484
DSC_1520_JPG.rf.b2e84605346e39b4226a897d06c70c49.jpg,56.3847
DSC_1522_JPG.rf.0de682d9fb49811ec7600b68d59fcf4a.jpg,56.5223
DSC_1522_JPG.rf.1b581f5fa0c97b20ecea18418c7aedd4.jpg,56.4733
DSC_1522_JPG.rf.f08843a05dd0933610d9db3639fb4c5b.jpg,57.4022
DSC_1526_JPG.rf.77c7bc4425969810309abc14d2175d6d.jpg,63.449
DSC_1526_JPG.rf.7a460ee87a0117d136d70d377f8d58fb.jpg,63.2693
DSC_1526_JPG.rf.7ad6f73730e088f9d07007d421889b20.jpg,64.0876
DSC_1528_JPG.rf.68fa57cab04b81e264015041d61f4b65.jpg,62.3524
DSC_1528_JPG.rf.93bad730d898afc5fff04fe180ca17e8.jpg,60.4229
DSC_1528_JPG.rf.db8779d93edc1c9a684dc7d13e848880.jpg,60.9283
DSC_1532_JPG.rf.04f66d6cadc96bbad3f36922f5d48a4f.jpg,61.2467
DSC_1532_JPG.rf.82a6dc5a31b44ed0184ef601c51a7131.jpg,60.296
DSC_1532_JPG.rf.bc1bdfcd6faf1fcfefd072b19839baad.jpg,61.4826
DSC_1533_JPG.rf.4d879ee6d3ebbfff017025775f133333.jpg,64.6976
DSC_1533_JPG.rf.a4feba683008e6d261198307168fe33b.jpg,62.9262
DSC_1533_JPG.rf.e29d4c5549e0d2f4fcaa7af2c8f28fed.jpg,64.6135
DSC_1534_JPG.rf.027e94f12c5936936c8927a1eefe6f9f.jpg,60.9006
DSC_1534_JPG.rf.59924605043b271e53404dd0e110cb02.jpg,60.6104
DSC_1534_JPG.rf.ca583a267761e6c09c2db1689adb7282.jpg,59.3528
DSC_1584_jpg.rf.3f134e2d6ae4e43f71f91ffef60958b4.jpg,64.1948
DSC_1584_jpg.rf.50d4ea331c677493da63f9e5fa1b3037.jpg,63.1602
DSC_1584_jpg.rf.a40f1ee0dce84421573365f4c867f56d.jpg,62.4607
DSC_1587_jpg.rf.16398721a568c7cbb61597161f47ad52.jpg,58.6791
DSC_1587_jpg.rf.9ab9af72fcac033fa83c107d9e7c5d86.jpg,57.9563
DSC_1587_jpg.rf.b7497fc8782fdc983e1e50ac80214546.jpg,58.1581
DSC_1590_jpg.rf.295c7bd7b06d27a173b978c3d2449cab.jpg,61.6436
DSC_1590_jpg.rf.60aeb312bd1908b03fbc4120870ba2d7.jpg,62.013
DSC_1590_jpg.rf.66f415c11f9ba119c0e8883baf0e3044.jpg,61.7052
,95.10303008
,85.5401